"%1 order(s)","%1 order(s)"
"%1 queued order(s) waiting to sync.","%1 queued order(s) waiting to sync."
"(custom)","(custom)"
"-- No Role --","-- No Role --"
"1. Confirm the register","1. Confirm the register"
"2. Count the opening float","2. Count the opening float"
"A %1% discount exceeds your allowed maximum of %2%.","A %1% discount exceeds your allowed maximum of %2%."
"A coupon cannot be applied to an empty cart.","A coupon cannot be applied to an empty cart."
"A coupon code is required.","A coupon code is required."
"A discount cannot be applied to a zero-priced line.","A discount cannot be applied to a zero-priced line."
"A discount cannot be applied to an empty cart.","A discount cannot be applied to an empty cart."
"A fixed discount cannot exceed the cart subtotal.","A fixed discount cannot exceed the cart subtotal."
"A fixed discount cannot exceed the line total.","A fixed discount cannot exceed the line total."
"A numeric product ID greater than zero is required.","A numeric product ID greater than zero is required."
"A password is required for a new POS user.","A password is required for a new POS user."
"A percentage discount cannot exceed 100%.","A percentage discount cannot exceed 100%."
"A product name is required.","A product name is required."
"A reference is required for %1.","A reference is required for %1."
"Absolute URL or media-relative path of the logo printed at the top of receipts. Leave empty to print the store name only.","Absolute URL or media-relative path of the logo printed at the top of receipts. Leave empty to print the store name only."
"Accent","Accent"
"Accent color","Accent color"
"Active","Active"
"Add New POS Role","Add New POS Role"
"Add New POS User","Add New POS User"
"Add New Payment Method","Add New Payment Method"
"Add New Quick Key","Add New Quick Key"
"Add New Register","Add New Register"
"Add to cart","Add to cart"
"All","All"
"All Registers","All Registers"
"Allow adding ad-hoc line items with a custom name, price, quantity and tax class.","Allow adding ad-hoc line items with a custom name, price, quantity and tax class."
"Allow changing an item's unit price directly on the POS terminal.","Allow changing an item's unit price directly on the POS terminal."
"Allow opening a register session with a float and closing it with a cash count (Z report).","Allow opening a register session with a float and closing it with a cash count (Z report)."
"Allow rearranging and resizing the POS terminal panels (drag-and-drop layout editor).","Allow rearranging and resizing the POS terminal panels (drag-and-drop layout editor)."
"Allow recording cash-in and cash-out drawer movements during a session.","Allow recording cash-in and cash-out drawer movements during a session."
"Allow searching past orders and creating refunds / returns.","Allow searching past orders and creating refunds / returns."
"Allow viewing X reports and session summaries on the POS terminal.","Allow viewing X reports and session summaries on the POS terminal."
"Amount","Amount"
"An open register session is required before placing orders.","An open register session is required before placing orders."
"An open register session is required to refund cash.","An open register session is required to refund cash."
"Appearance","Appearance"
"Apply","Apply"
"Are you sure you want to delete this POS payment method?","Are you sure you want to delete this POS payment method?"
"Are you sure you want to delete this POS quick key?","Are you sure you want to delete this POS quick key?"
"Are you sure you want to delete this POS role? Users assigned to it will lose the role.","Are you sure you want to delete this POS role? Users assigned to it will lose the role."
"Are you sure you want to delete this POS user?","Are you sure you want to delete this POS user?"
"Are you sure you want to delete this register?","Are you sure you want to delete this register?"
"Are you sure you want to force close session #%1? It will be closed with counted cash equal to expected cash.","Are you sure you want to force close session #%1? It will be closed with counted cash equal to expected cash."
"Ask a manager to open the register.","Ask a manager to open the register."
"At least one payment is required.","At least one payment is required."
"Attached to cart:","Attached to cart:"
"Auto-Close Sessions After (hours)","Auto-Close Sessions After (hours)"
"Auto-Email Receipt","Auto-Email Receipt"
"Auto-Invoice Offline Payments","Auto-Invoice Offline Payments"
"Automatically create an offline-captured invoice when an order is fully paid with cash or offline methods.","Automatically create an offline-captured invoice when an order is fully paid with cash or offline methods."
"Automatically email the receipt to the customer when an email address is available on the order.","Automatically email the receipt to the customer when an email address is available on the order."
"Average Order","Average Order"
"Avg. Order","Avg. Order"
"Back","Back"
"Back online.","Back online."
"Back to Sessions","Back to Sessions"
"Barcode Attribute Code","Barcode Attribute Code"
"Barcode is required.","Barcode is required."
"Barcode lookup failed. Please try again.","Barcode lookup failed. Please try again."
"Beep when a barcode is scanned","Beep when a barcode is scanned"
"Behavior","Behavior"
"Button size","Button size"
"By Cashier","By Cashier"
"By Payment Method","By Payment Method"
"By Register","By Register"
"By payment method","By payment method"
"CHANGE DUE","CHANGE DUE"
"CHARGE","CHARGE"
"Caches the catalog in the browser and queues orders while the connection is down; queued orders sync automatically when back online.","Caches the catalog in the browser and queues orders while the connection is down; queued orders sync automatically when back online."
"Can Add / Remove Cash (Cash In/Out)","Can Add / Remove Cash (Cash In/Out)"
"Can Edit Terminal Layout","Can Edit Terminal Layout"
"Can Open / Close Register Sessions","Can Open / Close Register Sessions"
"Can Override Prices","Can Override Prices"
"Can Process Refunds","Can Process Refunds"
"Can Sell Custom Products","Can Sell Custom Products"
"Can View Reports","Can View Reports"
"Cancel","Cancel"
"Cannot hold an empty cart.","Cannot hold an empty cart."
"Cart","Cart"
"Cart ""%1"" was not found.","Cart ""%1"" was not found."
"Cart %1 no longer exists.","Cart %1 no longer exists."
"Cart Discount","Cart Discount"
"Cart discount","Cart discount"
"Cart held.","Cart held."
"Cart is empty - scan or tap a product.","Cart is empty - scan or tap a product."
"Cart is empty.","Cart is empty."
"Cart item ""%1"" was not found.","Cart item ""%1"" was not found."
"Cart item %1 has no quantity.","Cart item %1 has no quantity."
"Cart item %1 was not found.","Cart item %1 was not found."
"Cart parked.","Cart parked."
"Carts","Carts"
"Cash (change calculation, opens drawer)","Cash (change calculation, opens drawer)"
"Cash Drawer Movements","Cash Drawer Movements"
"Cash In","Cash In"
"Cash Out","Cash Out"
"Cash Reconciliation","Cash Reconciliation"
"Cash Refunds","Cash Refunds"
"Cash Sales","Cash Sales"
"Cash drawer","Cash drawer"
"Cash enables change calculation and denominations. Offline marks the payment as captured immediately. Online keeps the order pending until the payment link / gateway confirms.","Cash enables change calculation and denominations. Offline marks the payment as captured immediately. Online keeps the order pending until the payment link / gateway confirms."
"Cash from drawer","Cash from drawer"
"Cash in","Cash in"
"Cash out","Cash out"
"Cash refunds","Cash refunds"
"Cash sales","Cash sales"
"Cashier","Cashier"
"Cashier Instructions","Cashier Instructions"
"Catalog","Catalog"
"Catalog & Barcode","Catalog & Barcode"
"Catalog Max","Catalog Max"
"Category id is required.","Category id is required."
"Category no longer exists.","Category no longer exists."
"Change","Change"
"Change can only be given on cash payments.","Change can only be given on cash payments."
"Change due","Change due"
"Change given","Change given"
"Checkout","Checkout"
"Classic","Classic"
"Clear","Clear"
"Clear search","Clear search"
"Close","Close"
"Close Session","Close Session"
"Close Session - Count the Drawer","Close Session - Count the Drawer"
"Close cart","Close cart"
"Close session","Close session"
"Closed","Closed"
"Closed At","Closed At"
"Closing note (optional)","Closing note (optional)"
"Code","Code"
"Color","Color"
"Comfortable","Comfortable"
"Compact","Compact"
"Configuration","Configuration"
"Confirm","Confirm"
"Confirm Close","Confirm Close"
"Confirm Refund","Confirm Refund"
"Continue as Guest","Continue as Guest"
"Could not build the offline catalog snapshot.","Could not build the offline catalog snapshot."
"Could not create the customer: %1","Could not create the customer: %1"
"Could not delete the POS cash movement: %1","Could not delete the POS cash movement: %1"
"Could not delete the POS hold: %1","Could not delete the POS hold: %1"
"Could not delete the POS order payment: %1","Could not delete the POS order payment: %1"
"Could not delete the POS order: %1","Could not delete the POS order: %1"
"Could not delete the POS payment method: %1","Could not delete the POS payment method: %1"
"Could not delete the POS quick key: %1","Could not delete the POS quick key: %1"
"Could not delete the POS register: %1","Could not delete the POS register: %1"
"Could not delete the POS role: %1","Could not delete the POS role: %1"
"Could not delete the POS session: %1","Could not delete the POS session: %1"
"Could not delete the POS user preference: %1","Could not delete the POS user preference: %1"
"Could not delete the POS user: %1","Could not delete the POS user: %1"
"Could not encode the POS preference payload.","Could not encode the POS preference payload."
"Could not force close POS session #%1: %2","Could not force close POS session #%1: %2"
"Could not load categories. Please try again.","Could not load categories. Please try again."
"Could not load products. Please try again.","Could not load products. Please try again."
"Could not load quick keys. Please try again.","Could not load quick keys. Please try again."
"Could not save the POS cash movement: %1","Could not save the POS cash movement: %1"
"Could not save the POS hold: %1","Could not save the POS hold: %1"
"Could not save the POS order payment: %1","Could not save the POS order payment: %1"
"Could not save the POS order: %1","Could not save the POS order: %1"
"Could not save the POS payment method: %1","Could not save the POS payment method: %1"
"Could not save the POS quick key: %1","Could not save the POS quick key: %1"
"Could not save the POS register: %1","Could not save the POS register: %1"
"Could not save the POS role: %1","Could not save the POS role: %1"
"Could not save the POS session: %1","Could not save the POS session: %1"
"Could not save the POS user preference: %1","Could not save the POS user preference: %1"
"Could not save the POS user: %1","Could not save the POS user: %1"
"Could not sync the order: %1","Could not sync the order: %1"
"Counted Cash","Counted Cash"
"Counted cash","Counted cash"
"Coupon","Coupon"
"Coupon ""%1"" gives a %2% discount which exceeds your allowed maximum of %3%.","Coupon ""%1"" gives a %2% discount which exceeds your allowed maximum of %3%."
"Coupon Code","Coupon Code"
"Create & Attach","Create & Attach"
"Created","Created"
"Credentials","Credentials"
"Credit memo","Credit memo"
"Custom","Custom"
"Custom Item","Custom Item"
"Custom Products","Custom Products"
"Custom accent color","Custom accent color"
"Custom color","Custom color"
"Custom item name is required.","Custom item name is required."
"Custom product","Custom product"
"Customer","Customer"
"Customer created.","Customer created."
"Customer group assigned to customers created from the POS terminal.","Customer group assigned to customers created from the POS terminal."
"Customers","Customers"
"Dark","Dark"
"Date","Date"
"Decrease quantity","Decrease quantity"
"Default Customer Group","Default Customer Group"
"Default Register ID","Default Register ID"
"Default Tax Class","Default Tax Class"
"Delete","Delete"
"Delete POS Role","Delete POS Role"
"Delete POS User","Delete POS User"
"Delete POS payment method","Delete POS payment method"
"Delete POS quick key","Delete POS quick key"
"Delete register","Delete register"
"Density","Density"
"Detach","Detach"
"Detach customer","Detach customer"
"Determines the cashier's permissions and maximum discount.","Determines the cashier's permissions and maximum discount."
"Disabled","Disabled"
"Disabled in store configuration","Disabled in store configuration"
"Disc.","Disc."
"Discard changes and exit","Discard changes and exit"
"Discount","Discount"
"Discount exceeds your allowed maximum of %1%.","Discount exceeds your allowed maximum of %1%."
"Discount scope must be ""cart"" or ""item"".","Discount scope must be ""cart"" or ""item""."
"Discount type must be ""percent"" or ""fixed"".","Discount type must be ""percent"" or ""fixed""."
"Discounts","Discounts"
"Discounts must be applied to the parent line, not a child item.","Discounts must be applied to the parent line, not a child item."
"Done","Done"
"Drawer balanced - no over/short.","Drawer balanced - no over/short."
"Drawer emptied at admin force close","Drawer emptied at admin force close"
"Edit","Edit"
"Edit POS Payment Method #%1","Edit POS Payment Method #%1"
"Edit POS Quick Key #%1","Edit POS Quick Key #%1"
"Edit POS Role","Edit POS Role"
"Edit POS User","Edit POS User"
"Edit Register ""%1""","Edit Register ""%1"""
"Edit mode - drag a panel by its header, resize from its bottom-right corner. Overlapping panels are highlighted in red.","Edit mode - drag a panel by its header, resize from its bottom-right corner. Overlapping panels are highlighted in red."
"Email","Email"
"Email address used for POS orders placed without selecting a customer.","Email address used for POS orders placed without selecting a customer."
"Email receipt","Email receipt"
"Enable Module","Enable Module"
"Enable Offline Mode","Enable Offline Mode"
"Enabled","Enabled"
"Enter","Enter"
"Enter PIN for","Enter PIN for"
"Enter coupon code","Enter coupon code"
"Exact","Exact"
"Expected Cash","Expected Cash"
"Expected cash","Expected cash"
"Expected in drawer","Expected in drawer"
"First name","First name"
"First name and last name are required.","First name and last name are required."
"Fixed","Fixed"
"Fixed amount","Fixed amount"
"Font size","Font size"
"Force Close","Force Close"
"Force Close Session","Force Close Session"
"Force close this session with counted cash equal to expected cash?","Force close this session with counted cash equal to expected cash?"
"Force closed from admin","Force closed from admin"
"From","From"
"General","General"
"Generated at","Generated at"
"Grand total","Grand total"
"Gross","Gross"
"Gross Sales","Gross Sales"
"Gross sales","Gross sales"
"Guest","Guest"
"Guest Checkout Email","Guest Checkout Email"
"Guest sale - attach a customer for group pricing.","Guest sale - attach a customer for group pricing."
"Held Carts","Held Carts"
"Held cart restored.","Held cart restored."
"Highest discount percentage cashiers with this role may apply (0-100). Applies to cart and line discounts as well as price overrides.","Highest discount percentage cashiers with this role may apply (0-100). Applies to cart and line discounts as well as price overrides."
"Hold","Hold"
"Hold %1","Hold %1"
"Hold Cart","Hold Cart"
"Hold removed.","Hold removed."
"Holds","Holds"
"ID","ID"
"Icon","Icon"
"Idle Auto-Lock (minutes)","Idle Auto-Lock (minutes)"
"Idle auto-lock","Idle auto-lock"
"If Yes, the cash drawer is triggered when this method is tendered.","If Yes, the cash drawer is triggered when this method is tendered."
"If Yes, the cashier must enter a reference (e.g. card terminal approval code, check number) before completing the payment.","If Yes, the cashier must enter a reference (e.g. card terminal approval code, check number) before completing the payment."
"Increase quantity","Increase quantity"
"Insufficient payment: %1 tendered for an order total of %2.","Insufficient payment: %1 tendered for an order total of %2."
"Invalid PIN.","Invalid PIN."
"Invalid cart data.","Invalid cart data."
"Invalid cash movement type ""%1"". Allowed: in, out.","Invalid cash movement type ""%1"". Allowed: in, out."
"Invalid form key.","Invalid form key."
"Invalid method type. Allowed: cash, offline, online.","Invalid method type. Allowed: cash, offline, online."
"Invalid payment row.","Invalid payment row."
"Invalid refund payment row.","Invalid refund payment row."
"Invalid server response.","Invalid server response."
"Invalid username or password.","Invalid username or password."
"Items to refund","Items to refund"
"Label","Label"
"Last Login","Last Login"
"Last name","Last name"
"Launch Terminal","Launch Terminal"
"Layout","Layout"
"Layout edit mode off.","Layout edit mode off."
"Layout edit mode on - drag panels to rearrange.","Layout edit mode on - drag panels to rearrange."
"Layout editor","Layout editor"
"Layout saved.","Layout saved."
"Light","Light"
"Line note","Line note"
"Loading POS...","Loading POS..."
"Loading...","Loading..."
"Lock","Lock"
"Locks after","Locks after"
"Log out","Log out"
"Lower numbers appear first in the terminal's tender list.","Lower numbers appear first in the terminal's tender list."
"Master switch for the POS terminal and all MagePos features.","Master switch for the POS terminal and all MagePos features."
"Maximum Discount (%)","Maximum Discount (%)"
"Maximum number of products included in the offline catalog snapshot cached in the browser (IndexedDB).","Maximum number of products included in the offline catalog snapshot cached in the browser (IndexedDB)."
"Method","Method"
"Method code is required and may only contain letters, numbers, underscores and dashes.","Method code is required and may only contain letters, numbers, underscores and dashes."
"Method title is required.","Method title is required."
"Minutes of terminal inactivity before the screen locks and asks for the cashier PIN. Set 0 to disable auto-lock.","Minutes of terminal inactivity before the screen locks and asks for the cashier PIN. Set 0 to disable auto-lock."
"Mirrored","Mirrored"
"Missing or invalid order_id.","Missing or invalid order_id."
"NEW SALE","NEW SALE"
"Name","Name"
"Network error - check your connection.","Network error - check your connection."
"New Customer","New Customer"
"New POS Payment Method","New POS Payment Method"
"New POS Quick Key","New POS Quick Key"
"New POS Role","New POS Role"
"New POS User","New POS User"
"New Refund","New Refund"
"New Register","New Register"
"New cart","New cart"
"New sale","New sale"
"Next page","Next page"
"No","No"
"No POS receipt exists for order id ""%1"".","No POS receipt exists for order id ""%1""."
"No active registers are configured. Ask an administrator.","No active registers are configured. Ask an administrator."
"No active registers found. Create one in the admin panel first.","No active registers found. Create one in the admin panel first."
"No cash movements were recorded in this session.","No cash movements were recorded in this session."
"No customers found.","No customers found."
"No held carts.","No held carts."
"No open session","No open session"
"No orders found.","No orders found."
"No orders in this period.","No orders in this period."
"No payments in this period.","No payments in this period."
"No payments were taken in this session.","No payments were taken in this session."
"No product found for barcode ""%1"".","No product found for barcode ""%1""."
"No products found.","No products found."
"No quick keys yet - add favourites in Admin > Point of Sale > Quick Keys.","No quick keys yet - add favourites in Admin > Point of Sale > Quick Keys."
"No receipt available yet - complete a sale first.","No receipt available yet - complete a sale first."
"No register session is open and no default register is configured.","No register session is open and no default register is configured."
"No register session is open.","No register session is open."
"No shipping methods are available for the POS order. Enable Free Shipping or Flat Rate.","No shipping methods are available for the POS order. Enable Free Shipping or Flat Rate."
"None","None"
"Not refundable","Not refundable"
"Note","Note"
"Note printed on the order...","Note printed on the order..."
"Note:","Note:"
"Nothing to save: provide a layout and/or theme object.","Nothing to save: provide a layout and/or theme object."
"Nothing to sync.","Nothing to sync."
"Nothing to update.","Nothing to update."
"Number of products returned per page by the terminal product search and category browse.","Number of products returned per page by the terminal product search and category browse."
"Numeric product entity ID. To find it by SKU, open Catalog > Products, search the SKU and read the ID column - quick keys store the product ID, not the SKU.","Numeric product entity ID. To find it by SKU, open Catalog > Products, search the SKU and read the ID column - quick keys store the product ID, not the SKU."
"OK","OK"
"Offline","Offline"
"Offline (card terminal, check, bank transfer, ...)","Offline (card terminal, check, bank transfer, ...)"
"Offline Catalog Cache Limit","Offline Catalog Cache Limit"
"Offline Mode","Offline Mode"
"Offline mode is disabled.","Offline mode is disabled."
"Offline orders synced.","Offline orders synced."
"Online","Online"
"Online (payment link / QR, order stays pending)","Online (payment link / QR, order stays pending)"
"Online methods only. URL template rendered as a QR code / payment link after the order is placed. Tokens: %increment_id% (order increment id) and %amount% (grand total), e.g. https://pay.example.com/?order=%increment_id%&amount=%amount%. Leave empty to show the instructions text instead.","Online methods only. URL template rendered as a QR code / payment link after the order is placed. Tokens: %increment_id% (order increment id) and %amount% (grand total), e.g. https://pay.example.com/?order=%increment_id%&amount=%amount%. Leave empty to show the instructions text instead."
"Open","Open"
"Open Cash Drawer","Open Cash Drawer"
"Open Register","Open Register"
"Open Register Session","Open Register Session"
"Open Session","Open Session"
"Open customer manager","Open customer manager"
"Open session","Open session"
"Opened At","Opened At"
"Opened at","Opened at"
"Opening Float","Opening Float"
"Opening float","Opening float"
"Opening note (optional)","Opening note (optional)"
"Opening...","Opening..."
"Opens Drawer","Opens Drawer"
"Optional 4-8 digit PIN for fast unlock after idle lock. Leave empty to keep the current PIN. Stored as a secure hash only.","Optional 4-8 digit PIN for fast unlock after idle lock. Leave empty to keep the current PIN. Stored as a secure hash only."
"Optional icon shown on the tender button. An emoji works great - e.g. 💵 for cash, 💳 for card, 🔗 for a payment link - or enter a CSS class name.","Optional icon shown on the tender button. An emoji works great - e.g. 💵 for cash, 💳 for card, 🔗 for a payment link - or enter a CSS class name."
"Optional instructions shown to the cashier when this method is selected, e.g. ""Swipe the card on the terminal and enter the approval code.""","Optional instructions shown to the cashier when this method is selected, e.g. ""Swipe the card on the terminal and enter the approval code."""
"Optional tile color as a CSS value, e.g. #2ecc71 or tomato. Leave empty for the default tile color.","Optional tile color as a CSS value, e.g. #2ecc71 or tomato. Leave empty for the default tile color."
"Optional tile label. Leave empty to show the product name.","Optional tile label. Leave empty to show the product name."
"Optional. Numeric register ID to show this tile on one register only (see the Registers grid for IDs). Leave empty to show it on all registers.","Optional. Numeric register ID to show this tile on one register only (see the Registers grid for IDs). Leave empty to show it on all registers."
"Order","Order"
"Order #","Order #"
"Order #, email or receipt number - empty for recent POS orders","Order #, email or receipt number - empty for recent POS orders"
"Order %1 cannot be refunded.","Order %1 cannot be refunded."
"Order %1 placed.","Order %1 placed."
"Order ID","Order ID"
"Order Note","Order Note"
"Order Note Prefix","Order Note Prefix"
"Order queued offline - it will sync automatically.","Order queued offline - it will sync automatically."
"Order stays in Pending Payment until confirmed.","Order stays in Pending Payment until confirmed."
"Orders","Orders"
"Orders / Refunds","Orders / Refunds"
"Over / Short","Over / Short"
"Over / short","Over / short"
"Over/Short","Over/Short"
"PIN","PIN"
"PIN unlock is only available for the signed-in cashier.","PIN unlock is only available for the signed-in cashier."
"PLACE ORDER","PLACE ORDER"
"POS Cashier","POS Cashier"
"POS Discount","POS Discount"
"POS Payment Method","POS Payment Method"
"POS Payment Methods","POS Payment Methods"
"POS Quick Key","POS Quick Key"
"POS Quick Keys","POS Quick Keys"
"POS Register","POS Register"
"POS Registers","POS Registers"
"POS Reports","POS Reports"
"POS Role","POS Role"
"POS Roles","POS Roles"
"POS Session #%1","POS Session #%1"
"POS Sessions","POS Sessions"
"POS User","POS User"
"POS Users","POS Users"
"POS cash movement with ID ""%1"" does not exist.","POS cash movement with ID ""%1"" does not exist."
"POS hold with ID ""%1"" does not exist.","POS hold with ID ""%1"" does not exist."
"POS is disabled.","POS is disabled."
"POS order payment with ID ""%1"" does not exist.","POS order payment with ID ""%1"" does not exist."
"POS order with ID ""%1"" does not exist.","POS order with ID ""%1"" does not exist."
"POS payment method with ID ""%1"" does not exist.","POS payment method with ID ""%1"" does not exist."
"POS quick key with ID ""%1"" does not exist.","POS quick key with ID ""%1"" does not exist."
"POS refund: %1","POS refund: %1"
"POS register with ID ""%1"" does not exist.","POS register with ID ""%1"" does not exist."
"POS role with id ""%1"" does not exist.","POS role with id ""%1"" does not exist."
"POS session #%1 has been force closed (counted = expected).","POS session #%1 has been force closed (counted = expected)."
"POS session #%1 is already closed.","POS session #%1 is already closed."
"POS session with ID ""%1"" does not exist.","POS session with ID ""%1"" does not exist."
"POS session with id ""%1"" does not exist.","POS session with id ""%1"" does not exist."
"POS tender types (cash, card terminal, payment link, etc.) are not configured here. Manage them in the grid under <strong>Point of Sale (MagePos) &gt; Payment Methods</strong> in the admin menu. All POS orders are recorded against the internal ""POS Payment"" (panth_pos) payment method; the individual tenders are stored per order.","POS tender types (cash, card terminal, payment link, etc.) are not configured here. Manage them in the grid under <strong>Point of Sale (MagePos) &gt; Payment Methods</strong> in the admin menu. All POS orders are recorded against the internal ""POS Payment"" (panth_pos) payment method; the individual tenders are stored per order."
"POS user preference with ID ""%1"" does not exist.","POS user preference with ID ""%1"" does not exist."
"POS user with id ""%1"" does not exist.","POS user with id ""%1"" does not exist."
"Page","Page"
"Panels","Panels"
"Password","Password"
"Pay","Pay"
"Payment","Payment"
"Payment Method","Payment Method"
"Payment Methods","Payment Methods"
"Payment URL Template","Payment URL Template"
"Payment amounts must be greater than zero.","Payment amounts must be greater than zero."
"Payments","Payments"
"Payments do not cover the grand total yet.","Payments do not cover the grand total yet."
"Percent %","Percent %"
"Permissions","Permissions"
"Permissions (JSON)","Permissions (JSON)"
"Phone (optional)","Phone (optional)"
"Place order","Place order"
"Placed","Placed"
"Placeholder Product SKU","Placeholder Product SKU"
"Placement","Placement"
"Placing...","Placing..."
"Please enter a valid email address.","Please enter a valid email address."
"Please enter your username and password.","Please enter your username and password."
"Please provide a valid receipt email address.","Please provide a valid receipt email address."
"Point of Sale","Point of Sale"
"Point of Sale (MagePos)","Point of Sale (MagePos)"
"Point the camera at a barcode","Point the camera at a barcode"
"Position","Position"
"Preferences saved.","Preferences saved."
"Prefix added to order comments created from the POS terminal.","Prefix added to order comments created from the POS terminal."
"Presets","Presets"
"Previous page","Previous page"
"Price","Price"
"Price cannot be negative.","Price cannot be negative."
"Price override","Price override"
"Print Receipt","Print Receipt"
"Print receipt","Print receipt"
"Print the per-rate tax breakdown in the receipt totals section.","Print the per-rate tax breakdown in the receipt totals section."
"Printed at the bottom of receipts from this register. Leave empty to use the global footer from configuration.","Printed at the bottom of receipts from this register. Leave empty to use the global footer from configuration."
"Printed at the top of receipts from this register. Leave empty to use the global header from configuration.","Printed at the top of receipts from this register. Leave empty to use the global header from configuration."
"Product ID","Product ID"
"Product attribute code matched when a barcode is scanned (keyboard wedge or camera). Default: sku.","Product attribute code matched when a barcode is scanned (keyboard wedge or camera). Default: sku."
"Product not found.","Product not found."
"Product search failed. Please try again.","Product search failed. Please try again."
"Qty","Qty"
"Quantity must be greater than zero.","Quantity must be greater than zero."
"Queued custom item %1 needs a name and price.","Queued custom item %1 needs a name and price."
"Queued order entry is not an object.","Queued order entry is not an object."
"Queued order has no items.","Queued order has no items."
"Queued order has no payments.","Queued order has no payments."
"Queued order is missing its client_uuid.","Queued order is missing its client_uuid."
"Queued order item %1 has an invalid quantity.","Queued order item %1 has an invalid quantity."
"Queued order item %1 has no product_id or sku.","Queued order item %1 has no product_id or sku."
"Queued order item %1 is invalid.","Queued order item %1 is invalid."
"Quick Keys","Quick Keys"
"Quick key page number on the terminal, starting at 1.","Quick key page number on the terminal, starting at 1."
"Reason","Reason"
"Reason (optional)","Reason (optional)"
"Receipt","Receipt"
"Receipt #","Receipt #"
"Receipt %1","Receipt %1"
"Receipt Footer","Receipt Footer"
"Receipt Footer Text","Receipt Footer Text"
"Receipt Header","Receipt Header"
"Receipt Header Text","Receipt Header Text"
"Receipt Logo URL","Receipt Logo URL"
"Receipt emailed to","Receipt emailed to"
"Receipt emailed.","Receipt emailed."
"Receipt not found.","Receipt not found."
"Reference","Reference"
"Reference / approval #...","Reference / approval #..."
"Refresh expected cash","Refresh expected cash"
"Refresh holds","Refresh holds"
"Refund","Refund"
"Refund / Return","Refund / Return"
"Refund amounts must be greater than zero.","Refund amounts must be greater than zero."
"Refund completed","Refund completed"
"Refund payment split","Refund payment split"
"Refund payments (%1) must equal the refund total of %2.","Refund payments (%1) must equal the refund total of %2."
"Refund total","Refund total"
"Refunded total","Refunded total"
"Refunded:","Refunded:"
"Refunding...","Refunding..."
"Register","Register"
"Register ""%1"" already has an open session (#%2).","Register ""%1"" already has an open session (#%2)."
"Register ""%1"" is disabled.","Register ""%1"" is disabled."
"Register #%1","Register #%1"
"Register ID","Register ID"
"Register ID preselected on the terminal login screen. Leave empty to let the cashier choose. Manage registers under Point of Sale (MagePos) > Registers.","Register ID preselected on the terminal login screen. Leave empty to let the cashier choose. Manage registers under Point of Sale (MagePos) > Registers."
"Register Sessions","Register Sessions"
"Register session","Register session"
"Register sessions left open longer than this are closed automatically by cron (counted cash = expected cash). Set 0 to disable.","Register sessions left open longer than this are closed automatically by cron (counted cash = expected cash). Set 0 to disable."
"Register with id ""%1"" does not exist.","Register with id ""%1"" does not exist."
"Registers","Registers"
"Remaining","Remaining"
"Remove","Remove"
"Remove cart discount","Remove cart discount"
"Remove coupon","Remove coupon"
"Remove payment","Remove payment"
"Remove payment row","Remove payment row"
"Reports","Reports"
"Reprint","Reprint"
"Require Open Register Session","Require Open Register Session"
"Required for a new user. When editing, leave empty to keep the current password. Stored as a secure hash only.","Required for a new user. When editing, leave empty to keep the current password. Stored as a secure hash only."
"Requires Reference","Requires Reference"
"Reset","Reset"
"Reset to defaults","Reset to defaults"
"Reset to the default layout","Reset to the default layout"
"Restock","Restock"
"Restocked","Restocked"
"Restore","Restore"
"Restoring...","Restoring..."
"Return items to stock","Return items to stock"
"Role","Role"
"Role Information","Role Information"
"Role Name","Role Name"
"Role name is required.","Role name is required."
"Roles","Roles"
"SKU of the placeholder product used for ad-hoc (custom) line items. Created automatically on install as pos-custom-sale.","SKU of the placeholder product used for ad-hoc (custom) line items. Created automatically on install as pos-custom-sale."
"Sale","Sale"
"Sale complete","Sale complete"
"Sales by Hour","Sales by Hour"
"Save","Save"
"Save & Exit","Save & Exit"
"Save POS Role","Save POS Role"
"Save POS User","Save POS User"
"Save Payment Method","Save Payment Method"
"Save Quick Key","Save Quick Key"
"Save Register","Save Register"
"Save and Continue Edit","Save and Continue Edit"
"Save note","Save note"
"Save settings","Save settings"
"Saved.","Saved."
"Saving...","Saving..."
"Scan","Scan"
"Scan barcode with camera","Scan barcode with camera"
"Scan the QR code to pay","Scan the QR code to pay"
"Search","Search"
"Search Page Size","Search Page Size"
"Search customers by name or email...","Search customers by name or email..."
"Search name or email...","Search name or email..."
"Search products","Search products"
"Search products or scan a barcode...","Search products or scan a barcode..."
"Search products, SKU or scan... ( / )","Search products, SKU or scan... ( / )"
"Search, scan a barcode or pick a category to start.","Search, scan a barcode or pick a category to start."
"Select","Select"
"Select a register...","Select a register..."
"Session","Session"
"Session #%1 is already closed.","Session #%1 is already closed."
"Session Closed - Z Report","Session Closed - Z Report"
"Session closed","Session closed"
"Session open","Session open"
"Sessions","Sessions"
"Settings","Settings"
"Show Out of Stock Products","Show Out of Stock Products"
"Show Tax Breakdown","Show Tax Breakdown"
"Shown at the bottom of every receipt. Per-register footer text (Registers grid) overrides this value.","Shown at the bottom of every receipt. Per-register footer text (Registers grid) overrides this value."
"Shown below the logo on every receipt. Per-register header text (Registers grid) overrides this value.","Shown below the logo on every receipt. Per-register header text (Registers grid) overrides this value."
"Shown to the cashier on the tender button and printed on the receipt.","Shown to the cashier on the tender button and printed on the receipt."
"Sign in","Sign in"
"Sign in with password instead","Sign in with password instead"
"Sign-in failed. Check your username and password.","Sign-in failed. Check your username and password."
"Signing in...","Signing in..."
"Something went wrong while deleting the register.","Something went wrong while deleting the register."
"Something went wrong while saving the POS role: %1","Something went wrong while saving the POS role: %1"
"Something went wrong while saving the POS user: %1","Something went wrong while saving the POS user: %1"
"Something went wrong while saving the register.","Something went wrong while saving the register."
"Something went wrong. Please try again.","Something went wrong. Please try again."
"Sort Order","Sort Order"
"Sort position of the tile within its page. Lower numbers appear first.","Sort position of the tile within its page. Lower numbers appear first."
"Sound on scan","Sound on scan"
"Split payment","Split payment"
"Split payments (%1) must equal the order total of %2.","Split payments (%1) must equal the order total of %2."
"Status","Status"
"Store View","Store View"
"Subtotal","Subtotal"
"Tap a payment method to add it.","Tap a payment method to add it."
"Tax","Tax"
"Tax (%1%)","Tax (%1%)"
"Tax class applied to custom line items when the cashier does not pick one.","Tax class applied to custom line items when the cashier does not pick one."
"Tendered","Tendered"
"Terminal Behavior","Terminal Behavior"
"Terminal locked","Terminal locked"
"Terminal settings","Terminal settings"
"The PIN must be 4 to 8 digits.","The PIN must be 4 to 8 digits."
"The POS custom sale placeholder product ""%1"" does not exist.","The POS custom sale placeholder product ""%1"" does not exist."
"The POS is disabled for this store.","The POS is disabled for this store."
"The POS payment method has been deleted.","The POS payment method has been deleted."
"The POS payment method has been saved.","The POS payment method has been saved."
"The POS quick key has been deleted.","The POS quick key has been deleted."
"The POS quick key has been saved.","The POS quick key has been saved."
"The POS role has been deleted.","The POS role has been deleted."
"The POS role has been saved.","The POS role has been saved."
"The POS terminal is currently disabled.","The POS terminal is currently disabled."
"The POS user has been deleted.","The POS user has been deleted."
"The POS user has been saved.","The POS user has been saved."
"The cart is empty.","The cart is empty."
"The cash movement amount must be greater than zero.","The cash movement amount must be greater than zero."
"The counted cash amount cannot be negative.","The counted cash amount cannot be negative."
"The coupon code ""%1"" is not valid.","The coupon code ""%1"" is not valid."
"The coupon code could not be applied. Verify the coupon code and try again.","The coupon code could not be applied. Verify the coupon code and try again."
"The coupon code could not be applied: %1","The coupon code could not be applied: %1"
"The coupon code could not be removed. Please try again.","The coupon code could not be removed. Please try again."
"The discount value must be greater than zero.","The discount value must be greater than zero."
"The opening float cannot be negative.","The opening float cannot be negative."
"The order could not be created.","The order could not be created."
"The price cannot be negative.","The price cannot be negative."
"The quantity must be greater than zero.","The quantity must be greater than zero."
"The refund payments must equal the refund total.","The refund payments must equal the refund total."
"The register code is required.","The register code is required."
"The register has been deleted.","The register has been deleted."
"The register has been saved.","The register has been saved."
"The register name is required.","The register name is required."
"The register_id parameter is required.","The register_id parameter is required."
"The requested POS session could not be loaded.","The requested POS session could not be loaded."
"The requested order does not exist.","The requested order does not exist."
"The requested register session does not exist.","The requested register session does not exist."
"The store view this register sells from. Orders and catalog data use this store view.","The store view this register sells from. Orders and catalog data use this store view."
"The terminal is locked. Enter your PIN to continue.","The terminal is locked. Enter your PIN to continue."
"Theme","Theme"
"There is no open register session to close.","There is no open register session to close."
"There is no open register session.","There is no open register session."
"There is nothing left to refund on order %1.","There is nothing left to refund on order %1."
"This POS payment method no longer exists.","This POS payment method no longer exists."
"This POS quick key no longer exists.","This POS quick key no longer exists."
"This POS role no longer exists.","This POS role no longer exists."
"This POS user no longer exists.","This POS user no longer exists."
"This account is disabled.","This account is disabled."
"This hold no longer exists.","This hold no longer exists."
"This register no longer exists.","This register no longer exists."
"Time","Time"
"Title","Title"
"To","To"
"Total","Total"
"Totals by Payment Method (X Report - session still open)","Totals by Payment Method (X Report - session still open)"
"Totals by Payment Method (Z Report)","Totals by Payment Method (Z Report)"
"Type","Type"
"Type the amount on the keyboard or tap the keys.","Type the amount on the keyboard or tap the keys."
"Unable to add the custom product. Please try again.","Unable to add the custom product. Please try again."
"Unable to add the product to the cart.","Unable to add the product to the cart."
"Unable to assign the customer to the cart.","Unable to assign the customer to the cart."
"Unable to build the X report.","Unable to build the X report."
"Unable to clear the cart.","Unable to clear the cart."
"Unable to close the register session.","Unable to close the register session."
"Unable to create a new cart.","Unable to create a new cart."
"Unable to load cart %1.","Unable to load cart %1."
"Unable to load registers.","Unable to load registers."
"Unable to load the cart.","Unable to load the cart."
"Unable to load the current register session.","Unable to load the current register session."
"Unable to open the register session.","Unable to open the register session."
"Unable to place the order. Please try again.","Unable to place the order. Please try again."
"Unable to process the refund. Please try again.","Unable to process the refund. Please try again."
"Unable to record the cash movement.","Unable to record the cash movement."
"Unable to remove the cart item.","Unable to remove the cart item."
"Unable to render the receipt.","Unable to render the receipt."
"Unable to resolve the store URL for the POS terminal: %1","Unable to resolve the store URL for the POS terminal: %1"
"Unable to save the cart note.","Unable to save the cart note."
"Unable to search orders. Please try again.","Unable to search orders. Please try again."
"Unable to send the receipt email: %1","Unable to send the receipt email: %1"
"Unable to update the cart item.","Unable to update the cart item."
"Unable to update the coupon. Please try again.","Unable to update the coupon. Please try again."
"Unable to update the discount. Please try again.","Unable to update the discount. Please try again."
"Unique login name the cashier types on the POS terminal.","Unique login name the cashier types on the POS terminal."
"Unique machine code, e.g. cash, card, check, bank_transfer. Lowercase letters, numbers, underscores and dashes only.","Unique machine code, e.g. cash, card, check, bank_transfer. Lowercase letters, numbers, underscores and dashes only."
"Unique register code, used in receipt numbers (e.g. ""main""). Maximum 64 characters.","Unique register code, used in receipt numbers (e.g. ""main""). Maximum 64 characters."
"Unknown","Unknown"
"Unknown POS payment method ""%1"".","Unknown POS payment method ""%1""."
"Unlock","Unlock"
"Updated","Updated"
"User","User"
"User #%1","User #%1"
"User Information","User Information"
"Username","Username"
"Username and password are required.","Username and password are required."
"Username is required.","Username is required."
"View","View"
"View receipt","View receipt"
"We can't find a POS payment method to delete.","We can't find a POS payment method to delete."
"We can't find a POS quick key to delete.","We can't find a POS quick key to delete."
"We can't find a POS role to delete.","We can't find a POS role to delete."
"We can't find a POS user to delete.","We can't find a POS user to delete."
"We can't find a register to delete.","We can't find a register to delete."
"Welcome back, %1!","Welcome back, %1!"
"Welcome, %1!","Welcome, %1!"
"When enabled, out-of-stock products are listed in terminal search and category results.","When enabled, out-of-stock products are listed in terminal search and category results."
"When enabled, sales are blocked unless the cashier has an open register session.","When enabled, sales are blocked unless the cashier has an open register session."
"Working offline - orders will be queued and synced.","Working offline - orders will be queued and synced."
"Wrong PIN. Try again.","Wrong PIN. Try again."
"X Report","X Report"
"X report","X report"
"Yes","Yes"
"You are not allowed to view this receipt.","You are not allowed to view this receipt."
"You do not have permission for this action.","You do not have permission for this action."
"You do not have permission to refund orders.","You do not have permission to refund orders."
"You do not have the ""%1"" permission.","You do not have the ""%1"" permission."
"You have been signed out.","You have been signed out."
"Your maximum discount:","Your maximum discount:"
"Your session has expired. Please sign in again.","Your session has expired. Please sign in again."
"Your session has expired. Please sign in with username and password.","Your session has expired. Please sign in with username and password."
"Z report","Z report"
"customer@example.com","customer@example.com"
"e.g. Gift wrapping","e.g. Gift wrapping"
"e.g. customer name","e.g. customer name"
"e.g. gift wrap","e.g. gift wrap"
"hold_id is required.","hold_id is required."
"item(s)","item(s)"
"item_id is required for an item discount.","item_id is required for an item discount."
"let the customer scan to pay","let the customer scan to pay"
"minutes of inactivity","minutes of inactivity"
"order_id is required.","order_id is required."
"product_id or sku is required.","product_id or sku is required."
"quote_id and item_id are required.","quote_id and item_id are required."
"quote_id is required.","quote_id is required."
"refunded","refunded"
"unauthorized","unauthorized"
